cand_id	input	output	n_syllables	engine_exact	engine_variants	in_seed	vulgar_suspect	region_hint	source_type	collection	url	title	evidence_quote	evidence_level	source_checked	status	license_note	notes
AC-001	hà tiện	hiền tạ	2	yes	V1@01,V6r@01	no	no	C	news	baodanang.vn	https://baodanang.vn/channel/5433/201201/giai-thoai-cau-doi-tet-xu-quang-2147912/	Giai thoại câu đối Tết xứ Quảng - Báo Đà Nẵng điện tử	"To criticize stingy people, there is a couplet ""Thiên tường, tác biệt/ Hiền tạ, thu xương"", which when reversed in Quảng Nam style becomes ""Thương tiền, tiếc bạc/ Hà tiện, thương xu"" (loves money, regrets spending silver; stingy, loves copper coins)."	web-search summary (not the page text; diacritics and pairings can drift)		candidate	short folk/literary phrase quoted with citation; facts and short quotations, not a copy of the compilation	The URL is inferred, as for thương tiền; verify.
AC-002	thương tiền	thiên tường	2	yes	V1@01,V6r@01	no	no	C	news	baodanang.vn	https://baodanang.vn/channel/5433/201201/giai-thoai-cau-doi-tet-xu-quang-2147912/	Giai thoại câu đối Tết xứ Quảng - Báo Đà Nẵng điện tử	"To criticize stingy people, there is a couplet ""Thiên tường, tác biệt/ Hiền tạ, thu xương"", which when reversed in Quảng Nam style becomes ""Thương tiền, tiếc bạc/ Hà tiện, thương xu"" (loves money, regrets spending silver; stingy, loves copper coins)."	web-search summary (not the page text; diacritics and pairings can drift)		candidate	short folk/literary phrase quoted with citation; facts and short quotations, not a copy of the compilation	The URL is inferred from a domain-restricted result list (tuoitre/thanhnien/nld/laodong/baodanang/baoquangnam/cand). It could instead be baodanang 'Câu đối chơi chữ'. Targeted follow-ups did not re-find the couplet. The quote is verbatim; verify at the URL before use. Input is the decoded meaning; output is the couplet's surface form.
AC-003	thương xu	thu xương	2	yes	V1@01,V4@01,V5r@01,V6r@01	no	no	C	news	baodanang.vn	https://baodanang.vn/channel/5433/201201/giai-thoai-cau-doi-tet-xu-quang-2147912/	Giai thoại câu đối Tết xứ Quảng - Báo Đà Nẵng điện tử	"To criticize stingy people, there is a couplet ""Thiên tường, tác biệt/ Hiền tạ, thu xương"", which when reversed in Quảng Nam style becomes ""Thương tiền, tiếc bạc/ Hà tiện, thương xu"" (loves money, regrets spending silver; stingy, loves copper coins)."	web-search summary (not the page text; diacritics and pairings can drift)		candidate	short folk/literary phrase quoted with citation; facts and short quotations, not a copy of the compilation	The URL is inferred, as for thương tiền; verify.
AC-004	trâu đực	trực đâu	2	yes	V4@01,V5r@01	no	no		news	baodanang.vn	https://baodanang.vn/channel/6059/201212/cua-so-tri-thuc-co-may-cach-noi-lai-2211483/	Có mấy cách nói lái? - Báo Đà Nẵng điện tử	"""Trâu đực"" becomes ""trực đâu"" through ""nói lái"" (word play). ... This particular example falls under one of five methods of nói lái: reversing the final sound and tone while keeping the initial consonant."	web-search summary (not the page text; diacritics and pairings can drift)		candidate	short folk/literary phrase quoted with citation; facts and short quotations, not a copy of the compilation	Corroborated by a PLO summary ('trâu đực→trực đâu'). The page attribution among the results is the most likely match: baodanang is the only result about methods of nói lái; the other was the nguyenlac blog. I dropped 'trâu cái → trái cau', which appeared in the same PLO summary, because a targeted search could not corroborate it.
AC-005	gian khó	gió khan	2	yes	V4@01,V5r@01	no	no		news	cand.com.vn	https://cand.com.vn/dien-dan-van-nghe-cong-an/Noi-lai-nghe-thuat-choi-chu-doc-dao-i361921/	Nói lái	"Bài sau ông ""lái thơ"" theo kiểu ""bắc cầu"", hai chữ cuối câu trên được lái bằng hai chữ đầu câu dưới, như: ""lỏng nồi - nỗi lòng"", ""gian khó - gió khan""."	web-search summary (not the page text; diacritics and pairings can drift)		candidate	short folk/literary phrase quoted with citation; facts and short quotations, not a copy of the compilation	Võ Quê's bridge-style lái. Rhyme and tone swap.
AC-006	lương hưu	lưu hương	2	yes	V1@01,V4@01,V5r@01,V6r@01	no	no		news	giaoduc.net.vn	https://giaoduc.net.vn/thay-giao-thao-giay-thao-ca-ung-thung-ca-ao-thao-giao-an-dan-ao-post185580.gd	“Thầy giáo tháo giày, tháo cả ủng thủng cả áo, tháo giáo án dán áo”	"Professor Văn Như Cương responded with the opposing couplet: ""Nhà trường nhường trà, nhường cả hoa, nhoà cả hương, lĩnh lương hưu lưu hương""."	web-search summary (not the page text; diacritics and pairings can drift)		candidate	short folk/literary phrase quoted with citation; facts and short quotations, not a copy of the compilation	Rhyme swap with initials and tones kept in place.
AC-007	nhà trường	nhường trà	2	yes	V1@01,V4@01,V5r@01,V6r@01	no	no		news	giaoduc.net.vn	https://giaoduc.net.vn/thay-giao-thao-giay-thao-ca-ung-thung-ca-ao-thao-giao-an-dan-ao-post185580.gd	“Thầy giáo tháo giày, tháo cả ủng thủng cả áo, tháo giáo án dán áo”	"Professor Văn Như Cương responded with the opposing couplet: ""Nhà trường nhường trà, nhường cả hoa, nhoà cả hương, lĩnh lương hưu lưu hương""."	web-search summary (not the page text; diacritics and pairings can drift)		candidate	short folk/literary phrase quoted with citation; facts and short quotations, not a copy of the compilation	From the answering couplet attributed to Văn Như Cương.
AC-008	bố chồng	chống bồ	2	yes	V2@01,V3r@01	no	no	S	compilation_blog	gocxua.net	https://gocxua.net/dinh-danh-xua/dac-trung-nam-bo-noi-lai-va-nhung-cau-chuyen-cuoi-ra-nuoc-mat.html	Đặc trưng Nam Bộ: Nói lái và những câu chuyện cười “ra nước mắt”	"Examples of ""nói lái"" include turning ""đá chanh"" (lime) into ""đánh cha"" (hit father), ""thầy giáo"" (teacher) into ""tháo giầy"" (take off shoes), and ""bố chồng"" (father-in-law) into ""chống bồ""."	web-search summary (not the page text; diacritics and pairings can drift)		candidate	short folk/literary phrase quoted with citation; facts and short quotations, not a copy of the compilation	Whole syllables swap while the tone positions stay fixed (sắc-huyền). Same region caveat as 'đá chanh'.
AC-009	tú tài	tái tù	2	yes	V1@01,V2@01,V3r@01,V6r@01	no	no	S	compilation_blog	gocxua.net	https://gocxua.net/dinh-danh-xua/dac-trung-nam-bo-noi-lai-va-nhung-cau-chuyen-cuoi-ra-nuoc-mat.html	Đặc trưng Nam Bộ: Nói lái và những câu chuyện cười “ra nước mắt”	"One humorous story tells of a young man who passed the ""Tú Tài"" (scholar) exam and excitedly went to a priest to receive blessings, only to have the priest immediately ask ""Con đã tái tù rồi phải không?"" (Have you been imprisoned again?)"	web-search summary (not the page text; diacritics and pairings can drift)		candidate	short folk/literary phrase quoted with citation; facts and short quotations, not a copy of the compilation	A Southern anecdote. Rhyme and tone swap.
AC-010	đá chanh	đánh cha	2	yes	V1@01,V6r@01	no	no	S	compilation_blog	gocxua.net	https://gocxua.net/dinh-danh-xua/dac-trung-nam-bo-noi-lai-va-nhung-cau-chuyen-cuoi-ra-nuoc-mat.html	Đặc trưng Nam Bộ: Nói lái và những câu chuyện cười “ra nước mắt”	"Examples of ""nói lái"" include turning ""đá chanh"" (lime) into ""đánh cha"" (hit father), ""thầy giáo"" (teacher) into ""tháo giầy"" (take off shoes), and ""bố chồng"" (father-in-law) into ""chống bồ""."	web-search summary (not the page text; diacritics and pairings can drift)		candidate	short folk/literary phrase quoted with citation; facts and short quotations, not a copy of the compilation	Region S because the article presents nói lái as a Nam Bộ trait; the pair itself is not claimed to be dialect-specific. The output 'đánh cha' is mildly offensive (hitting one's father). A mirror exists at cuucshuehn.net.
AC-011	Đà Lạt	Là Đạt	2	yes	V4r@01,V5@01	no	no		news	hoahoctro.tienphong.vn	https://hoahoctro.tienphong.vn/muon-kieu-tha-thinh-bang-choi-chu-cua-gen-z-khien-cong-dong-mang-cuoi-nghieng-nga-post1541678.tpo	Muôn kiểu thả thính bằng chơi chữ của Gen Z khiến cộng đồng mạng cười nghiêng ngả	"Based on the search results, the article features examples like ""Gọi anh là con trai, vì trong lòng anh chỉ có Ngọc"" (for someone named Ngọc) and ""Nhiều người thích Đà Lạt, còn với tớ thì Là Đạt"" (for someone named Đạt)."	web-search summary (not the page text; diacritics and pairings can drift)		candidate	short folk/literary phrase quoted with citation; facts and short quotations, not a copy of the compilation	Initial-consonant swap (Đ ↔ L); rhymes and tones stay in place. Gen Z flirting line; the output reads 'là Đạt' (a personal name).
AC-012	thầy tu	thù Tây	2	yes	V1@01,V6r@01	no	no		compilation_blog	nguoiphuongnam52.blogspot.com	https://nguoiphuongnam52.blogspot.com/2020/03/noi-lai-that-vui.html	Người Phương Nam: Nói Lái Thật Vui	"""Thầy tu thù Tây vì thằng Tây giết thầy tăng"" is a Vietnamese tongue twister or wordplay pun (nói lái)."	web-search summary (not the page text; diacritics and pairings can drift)		candidate	short folk/literary phrase quoted with citation; facts and short quotations, not a copy of the compilation	The URL is inferred: it was the only nói lái page in the result list. The vanhoanghean summary also lists 'thầy tu → thù Tây'.
AC-013	thằng Tây	thầy tăng	2	yes	V1@01,V6r@01	no	no		compilation_blog	nguoiphuongnam52.blogspot.com	https://nguoiphuongnam52.blogspot.com/2020/03/noi-lai-that-vui.html	Người Phương Nam: Nói Lái Thật Vui	"""Thầy tu thù Tây vì thằng Tây giết thầy tăng"" is a Vietnamese tongue twister or wordplay pun (nói lái)."	web-search summary (not the page text; diacritics and pairings can drift)		candidate	short folk/literary phrase quoted with citation; facts and short quotations, not a copy of the compilation	Rhyme swap with tones kept in place. The URL is inferred as for the previous row.
AC-014	Cần Thơ	cơ thần	2	yes	V4@01,V5r@01	no	no		compilation_blog	nguyenlac.wordpress.com	https://nguyenlac.wordpress.com/2019/02/07/ban-ve-noi-lai-nguyen-lac/	BÀN VỀ NÓI LÁI	"Examples include pairs like ""Thủ Đức/thức đủ"" and ""cơ thần/Cần Thơ"" which are instances of nói lái (speaking in reverse)."	web-search summary (not the page text; diacritics and pairings can drift)		candidate	short folk/literary phrase quoted with citation; facts and short quotations, not a copy of the compilation	The source lists 'cơ thần' first; I put the place name in input.
AC-015	Thủ Đức	thức đủ	2	yes	V4@01,V5r@01	no	no		compilation_blog	nguyenlac.wordpress.com	https://nguyenlac.wordpress.com/2019/02/07/ban-ve-noi-lai-nguyen-lac/	BÀN VỀ NÓI LÁI	"Examples include pairs like ""Thủ Đức/thức đủ"" and ""cơ thần/Cần Thơ"" which are instances of nói lái (speaking in reverse)."	web-search summary (not the page text; diacritics and pairings can drift)		candidate	short folk/literary phrase quoted with citation; facts and short quotations, not a copy of the compilation	A Southern place name; Nguyên Lạc's essay. Rhyme and tone swap.
AC-016	củ chi	chỉ cu	2	yes	V2@01,V3r@01	no	yes		compilation_blog	nguyenlac.wordpress.com	https://nguyenlac.wordpress.com/2019/02/07/ban-ve-noi-lai-nguyen-lac/	BÀN VỀ NÓI LÁI	"The work also includes an example dialogue: ""Củ chi, cô bán củ chi?"" (What root/vegetable, selling what vegetable, Miss?) responded to with ""Củ sao không chỉ, ông nì chỉ cu?"""	web-search summary (not the page text; diacritics and pairings can drift)		candidate	short folk/literary phrase quoted with citation; facts and short quotations, not a copy of the compilation	Pairing inferred from the dialogue: 'chỉ cu' is the whole-syllable swap of 'củ chi' with tones fixed. Vulgar ('cu'). Uses Central dialect words ('chi' = gì, 'nì'), so validity may depend on dialect.
AC-017	trống không	trông khống	2	yes	V2r@01,V3@01,V4@01,V5r@01	no	no		literature	nguyentruongto.info	https://nguyentruongto.info/index.php/bao-chi/bien-kh-o/17018-noi-lai-ma-choi-nghe-lai-choi	Nói Lái Mà Chơi, Nghe Lái Chơi - Nguyễn Trường Tộ	"Poet Thảo Am Nguyễn Khoa Vy was famous for poems using word inversion, including lines like ""Lũ quỷ nay lại v lũy cũ"" and ""Trông khống vô phòng thấy trống không""."	web-search summary (not the page text; diacritics and pairings can drift)		candidate	short folk/literary phrase quoted with citation; facts and short quotations, not a copy of the compilation	Nguyễn Khoa Vy line. This is a tone-only swap (ngang-sắc becomes sắc-ngang). The page attribution is uncertain: the query also returned vietbao, vov and bienkhao, and nguyentruongto was chosen because it carries the same Nguyễn Khoa Vy lines. The returned text has a typo ('v lũy cũ'), quoted verbatim. 'vô' is Central/Southern for 'vào'.
AC-018	bò đá	bà đó	2	yes	V1@01,V6r@01	no	no		compilation_blog	olm.vn	https://olm.vn/cau-hoi/ba-do-ba-chet-ba-bay-len-troi-hoi-ba-ay-chet-nam-bao-nhieu-tuoi-va-tai-sao-ba-ay-chetdap-an-ba-do-la-bo-da-bo-da-ba-chet-ba-bay-la-bay-ba-ba.4331648960554	Bà đó bả chết bả bay lên trời. Hỏi bà ấy chết năm bao nhiêu tuổi v...	"The answer is: ""Bà đó"" (the old woman mentioned) is ""bò đá"" (kicked by a cow), and ""bả bay"" (flew away) sounds like ""bảy ba"" (73), so the woman died at 73 years old."	web-search summary (not the page text; diacritics and pairings can drift)		candidate	short folk/literary phrase quoted with citation; facts and short quotations, not a copy of the compilation	Popular riddle. The olm URL slug itself reads 'dap-an-ba-do-la-bo-da ... ba-bay-la-bay-ba'. 'bả' (third-person 'she') is Southern usage. Answer goes in input.
AC-019	bảy ba	bả bay	2	yes	V1@01,V2@01,V3r@01,V6r@01	no	no		compilation_blog	olm.vn	https://olm.vn/cau-hoi/ba-do-ba-chet-ba-bay-len-troi-hoi-ba-ay-chet-nam-bao-nhieu-tuoi-va-tai-sao-ba-ay-chetdap-an-ba-do-la-bo-da-bo-da-ba-chet-ba-bay-la-bay-ba-ba.4331648960554	Bà đó bả chết bả bay lên trời. Hỏi bà ấy chết năm bao nhiêu tuổi v...	"The answer is: ""Bà đó"" (the old woman mentioned) is ""bò đá"" (kicked by a cow), and ""bả bay"" (flew away) sounds like ""bảy ba"" (73), so the woman died at 73 years old."	web-search summary (not the page text; diacritics and pairings can drift)		candidate	short folk/literary phrase quoted with citation; facts and short quotations, not a copy of the compilation	"Same riddle. An earlier search summary of these riddle sites put it as '""bả bay"" reversed is ""bảy ba"" (73)'."
AC-020	lái gió	ló giái	2	yes	V1@01,V4@01,V5r@01,V6r@01	no	yes		news	plo.vn	https://plo.vn/nguoi-viet-noi-lai-ky-cuoi-khi-hoc-tro-lai-gio-post342351.html	Người Việt nói lái (kỳ cuối): Khi học trò “lái gió“	"There's a funny story about a teacher who, while reading an exam question about the poem ""Đoàn thuyền đánh cá"" (Fishing Boat) by Huy Cận, accidentally read the line ""Thuyền ta lái gió với buồm trăng"" (Our boat steers the wind with moonlit sails) as ""Thuyền ta ló giái với buồm trăng"" instead, which made the entire class burst out laughing and embarrassed the teacher."	web-search summary (not the page text; diacritics and pairings can drift)		candidate	short folk/literary phrase quoted with citation; facts and short quotations, not a copy of the compilation	'giái' is vulgar slang (testicles) in Central/Southern speech; that is the joke. The article title also uses 'lái gió'.
AC-021	lộn lèo	lẹo lồn	2	yes	V1@01,V2@01,V3r@01,V6r@01	no	yes		literature	plo.vn	https://plo.vn/nguoi-viet-noi-lai-ky-1-trang-quynh-ho-xuan-huong-doi-lai-post341970.html	Người Việt nói lái (kỳ 1): Trạng Quỳnh, Hồ Xuân Hương đối lái	"In the poem, ""lộn lèo"" has the literal meaning ""lộn vòng"" (tangled/twisted) or ""bị lẫn lộn"" (confused), but when the sounds are rearranged (""lẹo lồn"" with different tones), it has vulgar sexual meaning."	web-search summary (not the page text; diacritics and pairings can drift)		candidate	short folk/literary phrase quoted with citation; facts and short quotations, not a copy of the compilation	Low-confidence attribution. The quote came from a search whose results also included nomfoundation, thanhnien, the poethansy blog, the tranngoctrac blog and tramdoc, so the exact page is unverified. An exact-phrase follow-up search returned no page with both forms, possibly because of profanity filtering. The line is from Hồ Xuân Hương's 'Kiếp tu hành' ('Trái gió cho nên phải lộn lèo'), quoted on 
AC-022	mắc cười	mười cắc	2	yes	V4@01,V5r@01	no	no		news	plo.vn	https://plo.vn/nguoi-viet-noi-lai-ky-2-nhung-nguyen-tac-noi-lai-post341829.html	Người Việt nói lái (kỳ 2): Những nguyên tắc nói lái	"Examples include: ""mèo cái→mài kéo,"" ""bí mật→bật mí,"" ""một cái→mái cột,"" and ""mắc cười→mười cắc."""	web-search summary (not the page text; diacritics and pairings can drift)		candidate	short folk/literary phrase quoted with citation; facts and short quotations, not a copy of the compilation	'mắc cười' and 'cắc' are Southern words, but the source gives no region, so region_hint is left empty.
AC-023	một cái	mái cột	2	yes	V4@01,V5r@01	no	no		news	plo.vn	https://plo.vn/nguoi-viet-noi-lai-ky-2-nhung-nguyen-tac-noi-lai-post341829.html	Người Việt nói lái (kỳ 2): Những nguyên tắc nói lái	"Examples include: ""mèo cái→mài kéo,"" ""bí mật→bật mí,"" ""một cái→mái cột,"" and ""mắc cười→mười cắc."""	web-search summary (not the page text; diacritics and pairings can drift)		candidate	short folk/literary phrase quoted with citation; facts and short quotations, not a copy of the compilation	A targeted follow-up search returned the plo/tuoitre kỳ 2 pages for 'một cái → mái cột' and 'mắc cười → mười cắc'.
AC-024	Thứ Lễ	Thế Lữ	2	yes	V1@01,V6r@01	no	no		compilation_blog	sites.google.com	https://sites.google.com/site/bienkhao/n%C3%B3i-l%C3%A1i-trong-ng%C3%B4n-ng%E1%BB%AF-v%C3%A0-v%C4%83n-h%E1%BB%8Dc-vi%E1%BB%87t-nam	Nói lái trong ngôn ngữ và văn học Việt Nam	"Additionally: ""cờ Tây"" becomes ""Cầy tơ,"" ""Thầy tu"" becomes ""thù Tây,"" ""hiện đại"" becomes ""hại điện,"" ""Thứ Lễ"" becomes ""Thế Lữ,"" ""trò chơi"" becomes ""trời cho."""	web-search summary (not the page text; diacritics and pairings can drift)		candidate	short folk/literary phrase quoted with citation; facts and short quotations, not a copy of the compilation	A pen-name lái: the poet Thế Lữ's pen name read as a lái of Thứ Lễ. This is a Google Sites copy of Nguyễn Văn Hiệp's essay.
AC-025	Tố Nga	tá ngô	2	yes	V1@01,V6r@01	no	no		compilation_blog	sites.google.com	https://sites.google.com/khoahocsaigon.com/xuan-binh-ngo/trang-v%C4%83n-t%C3%B9y-b%C3%BAt/c%C3%A2u-%C4%91%E1%BB%91-m%E1%BA%B9o-gi%E1%BA%A3i-%C4%91%C3%A1p-d%C3%B9ng-n%C3%B3i-l%C3%A1i-ti%E1%BB%81n-l%E1%BA%A1c-quan	Câu đố mẹo, giải đáp dùng Nói lái - Tiền Lạc Quan	12 là một Tá, Bắp là Ngô. 12 Bắp là Tá Ngô. Nói lái là Tố Nga.	web-search summary (not the page text; diacritics and pairings can drift)		candidate	short folk/literary phrase quoted with citation; facts and short quotations, not a copy of the compilation	Name riddle: 12 corn cobs = tá ngô (synonym and Hán-Việt step first), whose lái is the person's name. The source writes 'Tá Ngô'; I lowercased it as a common phrase.
AC-026	mèo cái	mái kèo	2	yes	V4@01,V5r@01	no	no		news	thanhnien.vn	https://thanhnien.vn/thu-noi-lai-cua-nguoi-viet-185702729.htm	Thú nói lái của người Việt	"One example of Vietnamese word reversal (nói lái) involves the phrase ""mèo cái"" (female cat), which can be reversed to ""mái kèo"" or ""mái cột"" by changing the tones."	web-search summary (not the page text; diacritics and pairings can drift)		candidate	short folk/literary phrase quoted with citation; facts and short quotations, not a copy of the compilation	'mái cột' in the same sentence looks like the summarizer mixing in một cái → mái cột, so it was not used as an output. The pair is also attested in the ca dao 'Con mèo cái nằm trên mái kèo' on education sites.
AC-027	Giồng Dứa	dừa giống	2	yes	V2@01,V3r@01	no	no		news	thethaovanhoa.vn	https://thethaovanhoa.vn/chu-va-nghia-do-meo-noi-lai-20250709061212826.htm	Chữ và nghĩa: Đố mẹo… nói lái	"""Giồng Dứa mua dừa giống về ương mộng"" là một câu đố thuộc dạng nói lái do nhạc sĩ Trần Văn Khê kể lại trong hồi ký của ông, và câu đố này được soạn ra bởi cậu năm Nguyễn Tri Khương. ... còn Giồng Dứa là ""dừa giống""."	web-search summary (not the page text; diacritics and pairings can drift)		candidate	short folk/literary phrase quoted with citation; facts and short quotations, not a copy of the compilation	Same riddle as 'ông mượn'. The syllables swap whole while the tone positions stay fixed (huyền-sắc). The quote joins two returned sentences with '...'.
AC-028	mía tây	mấy tia	2	yes	V1@01,V6r@01	no	no		news	thethaovanhoa.vn	https://thethaovanhoa.vn/chu-va-nghia-do-meo-noi-lai-20250709061212826.htm	Chữ và nghĩa: Đố mẹo… nói lái	"""Đầu rồng đuôi phụng mấy tia"" - ""Mấy tia"" reversed means ""mía tây"" (a type of sugarcane)"	web-search summary (not the page text; diacritics and pairings can drift)		candidate	short folk/literary phrase quoted with citation; facts and short quotations, not a copy of the compilation	Riddle; input is the answer.
AC-029	rau má	ra máu	2	yes	V1@01,V6r@01	no	no		news	thethaovanhoa.vn	https://thethaovanhoa.vn/chu-va-nghia-do-meo-noi-lai-20250709061212826.htm	Chữ và nghĩa: Đố mẹo… nói lái	"""Rau gì tròn tròn dẹp dẹp, đập cái bẹp ra máu?"" - ""Ra máu"" spoken in reverse is ""rau má"" (a type of plant)"	web-search summary (not the page text; diacritics and pairings can drift)		candidate	short folk/literary phrase quoted with citation; facts and short quotations, not a copy of the compilation	Riddle; input is the answer (the plant).
AC-030	ông mượn	ươn mộng	2	yes	V1@01,V6r@01	no	no		news	thethaovanhoa.vn	https://thethaovanhoa.vn/chu-va-nghia-do-meo-noi-lai-20250709061212826.htm	Chữ và nghĩa: Đố mẹo… nói lái	"""Ông mượn"" nói lái là ""ươn mộng"", ""ươn"" phát âm cũng như ""ương"", còn Giồng Dứa là ""dừa giống""."	web-search summary (not the page text; diacritics and pairings can drift)		candidate	short folk/literary phrase quoted with citation; facts and short quotations, not a copy of the compilation	Riddle sentence 'Ông mượn cháu đi Giồng Dứa mua dừa giống về ương mộng', recounted by Trần Văn Khê and composed by Nguyễn Tri Khương. The page cited was thethaovanhoa, the only relevant result. The source itself says ươn≈ương by pronunciation, so this is a near-homophone and dialect-sensitive. Giồng Dứa is a Southern place name, but the source assigns no region.
AC-031	trời lụt	trụt lời	2	yes	V4@01,V5r@01	no	no		news	tienphong.vn	https://www.tienphong.vn/van-hoa/vo-que-va-tho-lai-193577.tpo	Võ Quê và thơ lái - 10-05-2010	"In this poem, Võ Quê uses wordplay in each line, such as ""trời lụt - trụt lời"", ""đời cho - đò chơi"", and ""trời đong - trong đời""."	web-search summary (not the page text; diacritics and pairings can drift)		candidate	short folk/literary phrase quoted with citation; facts and short quotations, not a copy of the compilation	Literature: Võ Quê (a Huế poet), a 1999 Huế flood poem whose first line is 'Trời lụt ca nhi cũng trụt lời'. The poem is modern and copyrighted; the pair itself is a short phrase. The page was either tienphong or vnexpress (both were in the results).
AC-032	trời đong	trong đời	2	yes	V4@01,V5r@01	no	no		news	tienphong.vn	https://www.tienphong.vn/van-hoa/vo-que-va-tho-lai-193577.tpo	Võ Quê và thơ lái - 10-05-2010	"In this poem, Võ Quê uses wordplay in each line, such as ""trời lụt - trụt lời"", ""đời cho - đò chơi"", and ""trời đong - trong đời""."	web-search summary (not the page text; diacritics and pairings can drift)		candidate	short folk/literary phrase quoted with citation; facts and short quotations, not a copy of the compilation	Võ Quê, line 'Trời đong mưa lũ xuống trong đời'. 'đong' is the Huế/Central word for heavy rain, so validity may depend on dialect.
AC-033	đời cho	đò chơi	2	yes	V1@01,V6r@01	no	no		news	tienphong.vn	https://www.tienphong.vn/van-hoa/vo-que-va-tho-lai-193577.tpo	Võ Quê và thơ lái - 10-05-2010	"In this poem, Võ Quê uses wordplay in each line, such as ""trời lụt - trụt lời"", ""đời cho - đò chơi"", and ""trời đong - trong đời""."	web-search summary (not the page text; diacritics and pairings can drift)		candidate	short folk/literary phrase quoted with citation; facts and short quotations, not a copy of the compilation	Võ Quê, line 'Đời cho du khách dạo đò chơi'.
AC-034	Thanh khùng	khung thành	2	yes	V2@01,V3r@01	no	no		news	tuoitre.vn	https://tuoitre.vn/plo/nguoi-viet-noi-lai-ky-cuoi-khi-hoc-tro-lai-gio-post342351.html	Người Việt nói lái (kỳ cuối): Khi học trò “lái gió“	"someone named Thanh could be mockingly called ""Thanh khùng"" (rearranged as ""Khung thành,"" then ""translated"" to other terms)."	web-search summary (not the page text; diacritics and pairings can drift)		candidate	short folk/literary phrase quoted with citation; facts and short quotations, not a copy of the compilation	"Students mocking a teacher's name; mildly insulting ('khùng' = crazy). A second summary: 'becomes ""Khung thành"", and then gets reinterpreted as ""Gôn""'."
AC-035	nói lái	nái lói	2	yes	V1@01,V4@01,V5r@01,V6r@01	no	no		news	tuoitre.vn	https://tuoitre.vn/ngay-xuan-nai-loi-cho-vui-16117.htm	Ngày xuân 'nái lói' cho vui	"I found the article ""Ngày xuân 'nái lói' cho vui"" from Tuoi Tre. Nói lái (word reversal) may be one of the distinctive features of the Vietnamese language."	web-search summary (not the page text; diacritics and pairings can drift)		candidate	short folk/literary phrase quoted with citation; facts and short quotations, not a copy of the compilation	The lái form appears in the article title; the article is about nói lái.
AC-036	tổ kiến	kiển tố	2	yes	V2@01,V3r@01	no	no		news	tuoitre.vn	https://tuoitre.vn/ngay-xuan-nai-loi-cho-vui-16117.htm	Ngày xuân 'nái lói' cho vui	"There are some relatively simple reversed-word phrases like ""kiển tố vừa đố vừa giảng"" (meaning ""tổ kiến"" - ant), ""vừa lủi vừa mổ"" (meaning ""lỗ mũi"" - nostrils)."	web-search summary (not the page text; diacritics and pairings can drift)		candidate	short folk/literary phrase quoted with citation; facts and short quotations, not a copy of the compilation	Riddle; input is the answer. DIACRITIC CONFLICT: a second search summary of the same tuoitre page printed 'kiến tố'. Check at the page. 'kiển tố' is the tone-preserving lái (tổ = hỏi, kiến = sắc).
AC-037	bầy tôi	bồi Tây	2	yes	V1@01,V6r@01	no	no		literature	tusach.thuvienkhoahoc.com	https://tusach.thuvienkhoahoc.com/wiki/Giai_tho%E1%BA%A1i_v%C4%83n_h%E1%BB%8Dc_Vi%E1%BB%87t_Nam/B%E1%BA%A7y_t%C3%B4i	Giai thoại văn học Việt Nam/Bầy tôi	"but with hidden meaning ""Chấm to bầy tôi"" (marked/notable among servants), which when read backwards becomes ""Chó Tâm bồi Tây"" - a curse calling him a dog serving foreign masters"	web-search summary (not the page text; diacritics and pairings can drift)		candidate	short folk/literary phrase quoted with citation; facts and short quotations, not a copy of the compilation	"A second summary prints it lowercase: '""quần thần"" means ""bầy tôi"" ... becomes ... ""bồi tây"" (French servants)'. Capitalization of Tây varies between sources."
AC-038	chấm to	chó Tâm	2	yes	V1@01,V6r@01	no	no		literature	tusach.thuvienkhoahoc.com	https://tusach.thuvienkhoahoc.com/wiki/Giai_tho%E1%BA%A1i_v%C4%83n_h%E1%BB%8Dc_Vi%E1%BB%87t_Nam/B%E1%BA%A7y_t%C3%B4i	Giai thoại văn học Việt Nam/Bầy tôi	"but with hidden meaning ""Chấm to bầy tôi"" (marked/notable among servants), which when read backwards becomes ""Chó Tâm bồi Tây"" - a curse calling him a dog serving foreign masters"	web-search summary (not the page text; diacritics and pairings can drift)		candidate	short folk/literary phrase quoted with citation; facts and short quotations, not a copy of the compilation	"A political insult aimed at Nguyễn Văn Tâm (the panel text 'Đại điểm quần thần' is read through its Vietnamese gloss). Offensive but not obscene. Another summary: '""chấm to"" (big dots) ... when reversed (""nói lái"") becomes ""chó Tâm""'. nhacxua.vn and vnca.cand.com.vn were in the same result lists."
AC-039	mèo lồn	mồn lèo	2	yes	V1@01,V4@01,V5r@01,V6r@01	no	yes		compilation_blog	vi.wiktionary.org	https://vi.wiktionary.org/wiki/m%E1%BB%93n_l%C3%A8o	mồn lèo	"""lộn lèo"" and related terms like ""mồn lèo"" are Vietnamese slang expressions, where ""mồn lèo"" is a playful reversal of ""mèo lồn"" (cat)."	web-search summary (not the page text; diacritics and pairings can drift)		candidate	short folk/literary phrase quoted with citation; facts and short quotations, not a copy of the compilation	A Wiktionary entry (CC BY-SA). Vulgar. The summary says 'mồn lèo' is slang for cat.
AC-040	Gò Công	gồng co	2	yes	V1@01,V6r@01	no	yes		compilation_blog	vietbao.com	https://vietbao.com/a315324/noi-lai-ma-choi-nghe-lai-choi	Nói lái mà chơi, nghe lái chơi - Văn Học Nghệ Thuật - Việt Báo Foundation	"Một cặp câu đối nói lái nổi tiếng: ""Trai Hóc Môn vừa hôn vừa móc/ Gái Gò Công vừa gồng vừa co"" được coi là chuẩn mực của đố ""tục"" có nghĩa ""thanh""."	web-search summary (not the page text; diacritics and pairings can drift)		candidate	short folk/literary phrase quoted with citation; facts and short quotations, not a copy of the compilation	The second half of the same câu đối, with the source interleaving it as 'vừa gồng vừa co'. Sexual innuendo. The attribution caveat is the same as for 'Hóc Môn'.
AC-041	Hóc Môn	hôn móc	2	yes	V4@01,V5r@01	no	yes		compilation_blog	vietbao.com	https://vietbao.com/a315324/noi-lai-ma-choi-nghe-lai-choi	Nói lái mà chơi, nghe lái chơi - Văn Học Nghệ Thuật - Việt Báo Foundation	"Một cặp câu đối nói lái nổi tiếng: ""Trai Hóc Môn vừa hôn vừa móc/ Gái Gò Công vừa gồng vừa co"" được coi là chuẩn mực của đố ""tục"" có nghĩa ""thanh""."	web-search summary (not the page text; diacritics and pairings can drift)		candidate	short folk/literary phrase quoted with citation; facts and short quotations, not a copy of the compilation	A câu đối; the source calls it a model of 'đố tục' (bawdy riddle). The source interleaves the syllables as 'vừa hôn vừa móc', so 'hôn móc' is the de-interleaved swap. The page attribution is uncertain: the same query returned cand, tramdoc, ngo-quyen.org and thinhdailoc. Hóc Môn is a Southern place, but the source states no region.
AC-042	nhắc bạn	nhạn bắc	2	yes	V4@01,V5r@01	no	no		english_or_academic	vlstudies.wordpress.com	https://vlstudies.wordpress.com/2016/12/08/noi-lai-vietnamese-spoonerism/	Nói lái	"Examples include poems like ""Nhắc bạn những thương tình nhạn bắc / Trông đời chỉ thấy cảnh trời đông"" and the folk verse ""Con cá đối nằm trong cối đá"" (The fish lies in the stone mortar)."	web-search summary (not the page text; diacritics and pairings can drift)		candidate	short folk/literary phrase quoted with citation; facts and short quotations, not a copy of the compilation	A Thảo Am Nguyễn Khoa Vy couplet, per a second vlstudies result. Pairing inferred from the line. Rhyme and tone swap. Related work seen in results (not examples): ACL Anthology Y18-1063, 'Building a Spoonerism Detection System for Vietnamese' (PACLIC 2018); arXiv 2608.03095, 'VIVID: A Culturally Grounded Benchmark Exposing the Figurative Language Gap in Vietnamese NLP'; Nam Chi Bùi Thanh Kiên, 'Ng
AC-043	trông đời	trời đông	2	yes	V4@01,V5r@01	no	no		english_or_academic	vlstudies.wordpress.com	https://vlstudies.wordpress.com/2016/12/08/noi-lai-vietnamese-spoonerism/	Nói lái	"The phrase ""trông đời"" appears in a poem by Thảo Am Nguyễn Khoa Vy, which reads: ""Trông đời chỉ thấy cảnh trời đông"" (where ""trông đời"" is a spoonerism paired with ""trời đông"")."	web-search summary (not the page text; diacritics and pairings can drift)		candidate	short folk/literary phrase quoted with citation; facts and short quotations, not a copy of the compilation	Thảo Am Nguyễn Khoa Vy. The source states the pair explicitly.
AC-044	vái lạy	váy lại	2	yes	V1@01,V6r@01	no	no		news	vnexpress.net	https://vnexpress.net/tai-noi-lai-trong-tho-vo-que-1971022.html	Tài nói lái trong thơ Võ Quê - Báo VnExpress Giải trí	"""Trời lụt ca nhi cũng trụt lời/ Trời đong mưa lũ xuống trong đời/ Vái lạy lụt tan lành váy lại/ Đời cho du khách dạo đò chơi"""	web-search summary (not the page text; diacritics and pairings can drift)		candidate	short folk/literary phrase quoted with citation; facts and short quotations, not a copy of the compilation	Pairing inferred: both phrases appear in the same line and the source says every line has a lái. The source never states this pair explicitly the way it does the other three. Rhyme swap with tones kept (sắc-nặng).
AC-045	bà chằng	bằng chà	2	yes	V1@01,V4@01,V5r@01,V6r@01	no	no		news	vov.gov.vn	https://vov.gov.vn/cau-do-theo-loi-noi-lai-dtnew-418691	Câu đố theo lối nói lái	"In the phrase ""bằng cha, bằng chả bằng chà,"" the two phrases ""bằng cha, bằng chả"" serve as setup to lead into the most important phrase ""bằng chà,"" which when reversed becomes ""bà chằng."""	web-search summary (not the page text; diacritics and pairings can drift)		candidate	short folk/literary phrase quoted with citation; facts and short quotations, not a copy of the compilation	Riddle; input is the answer. The summary covered two vov.gov.vn riddle articles (dtnew-418691 and dtnew-379058 'Câu đố dân gian theo lối nói lái'). Verify which one holds it.
AC-046	cột nhà	cà nhột	2	yes	V4@01,V5r@01	no	no		news	vov.gov.vn	https://vov.gov.vn/cau-do-theo-loi-noi-lai-dtnew-418691	Câu đố theo lối nói lái	Ngoài ra, Cà, nhột nói lái chính là cột nhà – cây cột nhà, mặc dù cái này không phải là con vật.	web-search summary (not the page text; diacritics and pairings can drift)		candidate	short folk/literary phrase quoted with citation; facts and short quotations, not a copy of the compilation	The source writes the surface form with a comma ('Cà, nhột'), which I removed from the output. Riddle answer 'cột nhà' goes in input.
AC-047	bánh cúng	búng cánh	2	yes	V1@01,V4@01,V5r@01,V6r@01	no	no		news	vov2.vov.vn	https://vov2.vov.vn/giao-duc-dao-tao/cau-do-theo-loi-noi-lai-36979.vov2	Câu đố theo lối nói lái	"Another example: ""Con chi ở ngay bàn Thánh/ tụng kinh rồi búng cánh bay lên"". The key words ""búng cánh"" when reversed become ""bánh cúng"" (offering cake)."	web-search summary (not the page text; diacritics and pairings can drift)		candidate	short folk/literary phrase quoted with citation; facts and short quotations, not a copy of the compilation	"Folk riddle; answer 'bánh cúng' goes in input. A second result (vov2 'Nói lái') says the same: 'Hai chữ quan trọng là ""búng cánh"" và có thể nói lái là ""bánh cúng""'."
AC-048	cây nổ	cô nẩy	2	yes	V1@01,V6r@01	no	no		news	vov2.vov.vn	https://vov2.vov.vn/giao-duc-dao-tao/cau-do-theo-loi-noi-lai-36979.vov2	Câu đố theo lối nói lái	"For the short riddle ""Ở trong nhà cô ra cô nảy"", the answer lies in reversing the final words ""cô nẩy"" to get ""cây nổ"" (firecracker)."	web-search summary (not the page text; diacritics and pairings can drift)		candidate	short folk/literary phrase quoted with citation; facts and short quotations, not a copy of the compilation	The source spells it two ways in one sentence (nảy / nẩy). The output follows the spelling used in the reversal clause. The rhymes swap while the tones stay in place (ngang-hỏi).
AC-049	thầy giáo	tháo giầy	2	yes	V4@01,V5r@01	no	no		news	vov2.vov.vn	https://vov2.vov.vn/giao-duc-dao-tao/noi-lai-mot-loai-hinh-ngon-ngu-dac-sac-cua-nguoi-viet-36855.vov2	Nói lái	"There are two basic types: first, word reversal based on tones, such as ""cây còn"" (tree) becoming ""con cày"" (plow), and second, exchanging the syllable parts of two consecutive words, such as ""thầy giáo"" (teacher) becoming ""tháo giầy"" (removing shoes)."	web-search summary (not the page text; diacritics and pairings can drift)		candidate	short folk/literary phrase quoted with citation; facts and short quotations, not a copy of the compilation	Spelling variant 'giầy' (giaoduc.net.vn prints 'giày'). Kept as a separate row because the task treats giày/giầy spelling as significant. The URL is inferred, as for cây còn.
AC-050	Đèo Ngang	đang nghèo	2	yes	V4@01,V5r@01	no	no		news	vusta.vn	https://vusta.vn/vung-que-sanh-nghe-noi-lai-p74454.html	Vùng quê sành nghề nói lái	"For example, the two words ""Đèo Ngang,"" people in the North reverse it as ""ngàng đeo,"" people in Central Vietnam reverse it as ""đàng ngheo,"" but they can transpose tones to get ""đang nghèo""."	web-search summary (not the page text; diacritics and pairings can drift)		candidate	short folk/literary phrase quoted with citation; facts and short quotations, not a copy of the compilation	Reprint of the CAND article (cand.com.vn i326656) on Nghệ Tĩnh nói lái. This variant also moves the tones. It is unclear which region 'they' refers to. The pair is also attested in the folk couplet '...Đi rồi mới biết Đèo Ngang đang nghèo' (blog).
AC-051	Đèo Ngang	ngàng đeo	2	yes	V2@01,V3r@01	no	no	N	news	vusta.vn	https://vusta.vn/vung-que-sanh-nghe-noi-lai-p74454.html	Vùng quê sành nghề nói lái	"For example, the two words ""Đèo Ngang,"" people in the North reverse it as ""ngàng đeo,"" people in Central Vietnam reverse it as ""đàng ngheo,"" but they can transpose tones to get ""đang nghèo""."	web-search summary (not the page text; diacritics and pairings can drift)		candidate	short folk/literary phrase quoted with citation; facts and short quotations, not a copy of the compilation	The source gives this as the Northern way to reverse it: a dialect-dependent variant of the same input.
AC-052	Đèo Ngang	đàng ngheo	2	yes	V1@01,V6r@01	no	no	C	news	vusta.vn	https://vusta.vn/vung-que-sanh-nghe-noi-lai-p74454.html	Vùng quê sành nghề nói lái	"For example, the two words ""Đèo Ngang,"" people in the North reverse it as ""ngàng đeo,"" people in Central Vietnam reverse it as ""đàng ngheo,"" but they can transpose tones to get ""đang nghèo""."	web-search summary (not the page text; diacritics and pairings can drift)		candidate	short folk/literary phrase quoted with citation; facts and short quotations, not a copy of the compilation	The source gives this as the Central way to reverse it: a dialect-dependent variant of the same input.
AC-053	cao đẳng	cẳng đao	2	yes	V4@01,V5r@01	no	no	S	news	znews.vn	https://znews.vn/cach-noi-lai-thu-vi-cua-nguoi-nam-bo-post1606871.html	Cách nói lái thú vị của người Nam bộ	"There are cases of meaningful nói lái that have incorrect spelling or don't match the original word's meaning, such as ""cao đẳng"" becoming ""cẳng đao"" (meaning leg pain or foot pain), ""đi tắm"" becoming ""đăm tí""."	web-search summary (not the page text; diacritics and pairings can drift)		candidate	short folk/literary phrase quoted with citation; facts and short quotations, not a copy of the compilation	From a search restricted to vnexpress/znews/nld. The URL is inferred as the znews Nam bộ article. The source itself flags these as imperfect or misspelled lái.
AC-054	ít ly	y lít	2	yes	V4@01,V5r@01	no	no	S	news	znews.vn	https://znews.vn/cach-noi-lai-thu-vi-cua-nguoi-nam-bo-post1606871.html	Cách nói lái thú vị của người Nam bộ	"Some cases of nói lái create meaningful results with reverse meanings, such as ""bí mật - bật mí"" (keeping information confidential - revealing information), ""lộng kiếng - liệng cống"" (treasuring something - discarding it), and ""ít ly - y lít"" (low alcohol consumption - high alcohol consumption)."	web-search summary (not the page text; diacritics and pairings can drift)		candidate	short folk/literary phrase quoted with citation; facts and short quotations, not a copy of the compilation	From a search restricted to thanhnien/nld/laodong/vnexpress/znews/dantri. The content matches the znews Nam bộ article. The URL is inferred; verify.
AC-055	đi tắm	đăm tí	2	yes	V1@01,V6r@01	no	no	S	news	znews.vn	https://znews.vn/cach-noi-lai-thu-vi-cua-nguoi-nam-bo-post1606871.html	Cách nói lái thú vị của người Nam bộ	"There are cases of meaningful nói lái that have incorrect spelling or don't match the original word's meaning, such as ""cao đẳng"" becoming ""cẳng đao"" (meaning leg pain or foot pain), ""đi tắm"" becoming ""đăm tí""."	web-search summary (not the page text; diacritics and pairings can drift)		candidate	short folk/literary phrase quoted with citation; facts and short quotations, not a copy of the compilation	The source flags this spelling as nonstandard. Compare the tuoitre spelling 'đâm tí' (separate row).
AC-056	tiếc bạc	tác biệt	2	no		no	no	C	news	baodanang.vn	https://baodanang.vn/channel/5433/201201/giai-thoai-cau-doi-tet-xu-quang-2147912/	Giai thoại câu đối Tết xứ Quảng - Báo Đà Nẵng điện tử	"To criticize stingy people, there is a couplet ""Thiên tường, tác biệt/ Hiền tạ, thu xương"", which when reversed in Quảng Nam style becomes ""Thương tiền, tiếc bạc/ Hà tiện, thương xu"" (loves money, regrets spending silver; stingy, loves copper coins)."	web-search summary (not the page text; diacritics and pairings can drift)		candidate	short folk/literary phrase quoted with citation; facts and short quotations, not a copy of the compilation	The URL is inferred, as for thương tiền; verify. The pair depends on Quảng pronunciation: strict swapping gives 'biệc', and -c/-t merge locally ('Quảng Nam style' per the source).
AC-057	nỗi lòng	lỏng nồi	2	no		no	no		news	cand.com.vn	https://cand.com.vn/dien-dan-van-nghe-cong-an/Noi-lai-nghe-thuat-choi-chu-doc-dao-i361921/	Nói lái	"Bài sau ông ""lái thơ"" theo kiểu ""bắc cầu"", hai chữ cuối câu trên được lái bằng hai chữ đầu câu dưới, như: ""lỏng nồi - nỗi lòng"", ""gian khó - gió khan""."	web-search summary (not the page text; diacritics and pairings can drift)		candidate	short folk/literary phrase quoted with citation; facts and short quotations, not a copy of the compilation	Võ Quê's 'bridge' lái. The source lists 'lỏng nồi' first; I put the plain phrase 'nỗi lòng' in input. It is imperfect: ngã in 'nỗi' becomes hỏi in 'lỏng', a hỏi/ngã merger typical of Central/Southern speech, so validity may depend on dialect.
AC-058	giáo án	dán áo	2	no		no	no		news	giaoduc.net.vn	https://giaoduc.net.vn/thay-giao-thao-giay-thao-ca-ung-thung-ca-ao-thao-giao-an-dan-ao-post185580.gd	“Thầy giáo tháo giày, tháo cả ủng thủng cả áo, tháo giáo án dán áo”	"The phrase ""Thầy giáo tháo giày, tháo cả ủng thủng cả áo, tháo giáo án dán áo"" is a couplet using reversed word pairs that teachers in the 1980s remembered."	web-search summary (not the page text; diacritics and pairings can drift)		candidate	short folk/literary phrase quoted with citation; facts and short quotations, not a copy of the compilation	Spelling shifts gi → d (homophonous in Northern speech). In the source line: 'tháo giáo án dán áo'.
AC-059	lũ quỷ	lũy cũ	2	no		no	no		literature	nguyentruongto.info	https://nguyentruongto.info/index.php/bao-chi/bien-kh-o/17018-noi-lai-ma-choi-nghe-lai-choi	Nói Lái Mà Chơi, Nghe Lái Chơi - Nguyễn Trường Tộ	"Thảo Am Nguyễn Khoa Vy (1881-1968) was a poet from the Huế region who was famous for poems using word play (nói lái). One example includes the lines ""Lũ quỷ nay lại về lũy cũ / Thầy tu mô phật cũng thù tây."""	web-search summary (not the page text; diacritics and pairings can drift)		candidate	short folk/literary phrase quoted with citation; facts and short quotations, not a copy of the compilation	Thảo Am Nguyễn Khoa Vy, a Huế poet. The Sông Hương article gives his death as 1966, while this quote says 1968. Pairing inferred from the line. Imperfect tone: quỷ (hỏi) vs cũ (ngã), a hỏi/ngã merger, so check dialect.
AC-060	Cà Mau	cao mà	2	no		no	no		compilation_blog	sites.google.com	https://sites.google.com/khoahocsaigon.com/xuan-binh-ngo/trang-v%C4%83n-t%C3%B9y-b%C3%BAt/c%C3%A2u-%C4%91%E1%BB%91-m%E1%BA%B9o-gi%E1%BA%A3i-%C4%91%C3%A1p-d%C3%B9ng-n%C3%B3i-l%C3%A1i-ti%E1%BB%81n-l%E1%BA%A1c-quan	Câu đố mẹo, giải đáp dùng Nói lái - Tiền Lạc Quan	"Trong câu phản đối của cô gái: ""cao mà"", nói lái là Cà Mau."	web-search summary (not the page text; diacritics and pairings can drift)		candidate	short folk/literary phrase quoted with citation; facts and short quotations, not a copy of the compilation	Place-name riddle ('Ảnh cao mà!'). Imperfect: it would strictly be 'cà mao', and mao≈Mau may hold only in Southern pronunciation, so validity may depend on dialect. Attributed to the Tiền Lạc Quan page, the top result of the targeted query.
AC-061	lỗ mũi	lủi mổ	2	no		no	no		news	tuoitre.vn	https://tuoitre.vn/ngay-xuan-nai-loi-cho-vui-16117.htm	Ngày xuân 'nái lói' cho vui	"There are some relatively simple reversed-word phrases like ""kiển tố vừa đố vừa giảng"" (meaning ""tổ kiến"" - ant), ""vừa lủi vừa mổ"" (meaning ""lỗ mũi"" - nostrils)."	web-search summary (not the page text; diacritics and pairings can drift)		candidate	short folk/literary phrase quoted with citation; facts and short quotations, not a copy of the compilation	Riddle. The tones go from ngã + ngã (lỗ mũi) to hỏi + hỏi (lủi mổ), so the pair relies on the hỏi/ngã merger. Likely dialect-dependent; the source gives no region.
AC-062	đi tắm	đâm tí	2	no		no	no		news	tuoitre.vn	https://tuoitre.vn/ngay-xuan-nai-loi-cho-vui-16117.htm	Ngày xuân 'nái lói' cho vui	"A phrase ""Đập chuông"" becomes ""đuông chập,"" which becomes ""đâm chuột,"" and this is translated as ""đâm tí"" (because the Year of the Rat is associated with ""tí""), and ""đâm tí"" spoken in reverse becomes ""đi tắm"" (go take a bath)!"	web-search summary (not the page text; diacritics and pairings can drift)		candidate	short folk/literary phrase quoted with citation; facts and short quotations, not a copy of the compilation	Tết riddle chain. The summary said 'The search results from Tuổi Trẻ also provide an example'; attributed to this tuoitre article, which was in the result list. The other links in the chain (đập chuông/đuông chập) were dropped because they are unclear. The source goes đâm tí → đi tắm; input is set to the plain phrase.
AC-063	cây còn	con cày	2	no		no	no		news	vov2.vov.vn	https://vov2.vov.vn/giao-duc-dao-tao/noi-lai-mot-loai-hinh-ngon-ngu-dac-sac-cua-nguoi-viet-36855.vov2	Nói lái	"There are two basic types: first, word reversal based on tones, such as ""cây còn"" (tree) becoming ""con cày"" (plow), and second, exchanging the syllable parts of two consecutive words, such as ""thầy giáo"" (teacher) becoming ""tháo giầy"" (removing shoes)."	web-search summary (not the page text; diacritics and pairings can drift)		candidate	short folk/literary phrase quoted with citation; facts and short quotations, not a copy of the compilation	The URL is inferred: this was the first result, but the summary may mix vov2 36855 and vov2 50106 'Nghệ thuật nói lái của người Việt'. Verify. The source glosses 'con cày' as plow; as slang it also means dog.
AC-064	trái mít	trích mái	2	no		no	no		news	vov2.vov.vn	https://vov2.vov.vn/giao-duc-dao-tao/noi-lai-mot-loai-hinh-ngon-ngu-dac-sac-cua-nguoi-viet-36855.vov2	Nói lái	"Ở câu tiếp theo ""Con trích mái đậu trên"", ""trích mái"" là cách nói lái của trái mít."	web-search summary (not the page text; diacritics and pairings can drift)		candidate	short folk/literary phrase quoted with citation; facts and short quotations, not a copy of the compilation	Riddle 'Con chi ở ngay bàn Thánh...'. A follow-up search said it is approximate: 'Đây là kiểu nói lái gần âm, vì nếu nói lái đúng hai đơn vị này thì phải thành trái mích.' That makes it a near-miss lái, useful as a borderline validation item.
AC-065	đẫy gấm	đấm gãy	2	no		no	no		news	vov2.vov.vn	https://vov2.vov.vn/giao-duc-dao-tao/cau-do-theo-loi-noi-lai-36979.vov2	Câu đố theo lối nói lái	"In ""Cái chi hình dáng tròn tròn cung tay đấm gãy chẳng còn hình dung"", the key words ""đấm gãy"" reversed become ""đẫy gấm""."	web-search summary (not the page text; diacritics and pairings can drift)		candidate	short folk/literary phrase quoted with citation; facts and short quotations, not a copy of the compilation	Folk riddle; answer 'đẫy gấm' (brocade bag) goes in input. Rhyme and tone swap.
AC-066	cáo với sóc	cóc với sáo	3	yes	V1@02,V4@02,V5r@02,V6r@02	no	no		compilation_blog	dophuquy.com	https://www.dophuquy.com/2012/10/noi-lai-hai-huoc.html	Nói lái hài hước (Tổng hợp) • Đỗ Phú Quý	Nói lái hài hước bình thường** - Bật mí bí mật bị mất, Công với Rùa là Cua với Rồng, Cáo với sóc là cóc với sáo, Đơn giản giống như đang giỡn và nhiều câu khác.	web-search summary (not the page text; diacritics and pairings can drift)		candidate	short folk/literary phrase quoted with citation; facts and short quotations, not a copy of the compilation	Animal-name lái. Rhyme swap, both syllables sắc.
AC-067	công với rùa	cua với rồng	3	yes	V1@02,V6r@02	no	no		compilation_blog	dophuquy.com	https://www.dophuquy.com/2012/10/noi-lai-hai-huoc.html	Nói lái hài hước (Tổng hợp) • Đỗ Phú Quý	Nói lái hài hước bình thường** - Bật mí bí mật bị mất, Công với Rùa là Cua với Rồng, Cáo với sóc là cóc với sáo, Đơn giản giống như đang giỡn và nhiều câu khác.	web-search summary (not the page text; diacritics and pairings can drift)		candidate	short folk/literary phrase quoted with citation; facts and short quotations, not a copy of the compilation	A 3-syllable lái across 'với'; it is also known as an animal riddle ('con cua con rồng'). The quote keeps the stray markdown '**' from the returned text.
AC-068	nhường cả hoa	nhoà cả hương	3	yes	V1@02,V6r@02	no	no		news	giaoduc.net.vn	https://giaoduc.net.vn/thay-giao-thao-giay-thao-ca-ung-thung-ca-ao-thao-giao-an-dan-ao-post185580.gd	“Thầy giáo tháo giày, tháo cả ủng thủng cả áo, tháo giáo án dán áo”	"Professor Văn Như Cương responded with the opposing couplet: ""Nhà trường nhường trà, nhường cả hoa, nhoà cả hương, lĩnh lương hưu lưu hương""."	web-search summary (not the page text; diacritics and pairings can drift)		candidate	short folk/literary phrase quoted with citation; facts and short quotations, not a copy of the compilation	Swap between syllables 1 and 3. 'nhoà' keeps the source's old-style tone-mark placement.
AC-069	tháo cả ủng	thủng cả áo	3	yes	V4@02,V5r@02	no	no		news	giaoduc.net.vn	https://giaoduc.net.vn/thay-giao-thao-giay-thao-ca-ung-thung-ca-ao-thao-giao-an-dan-ao-post185580.gd	“Thầy giáo tháo giày, tháo cả ủng thủng cả áo, tháo giáo án dán áo”	"The phrase ""Thầy giáo tháo giày, tháo cả ủng thủng cả áo, tháo giáo án dán áo"" is a couplet using reversed word pairs that teachers in the 1980s remembered."	web-search summary (not the page text; diacritics and pairings can drift)		candidate	short folk/literary phrase quoted with citation; facts and short quotations, not a copy of the compilation	Swap between syllables 1 and 3; the middle 'cả' is unchanged.
AC-070	Nguyễn y Vân	vẫn y nguyên	3	yes	V2@02,V3r@02	no	no		satire_names	maybienvh.wordpress.com	https://maybienvh.wordpress.com/2015/11/25/noi-lai-tieng-viet/	Nói Lái : 1 Dạng Đặc Biệt Của Tiếng Việt	"Chẳng hạn như ""Vũ như Cẩn"" thành ""vẫn như cũ"" hay ""Nguyễn y Vân"" thành ""vẫn y nguyên""…"	web-search summary (not the page text; diacritics and pairings can drift)		candidate	short folk/literary phrase quoted with citation; facts and short quotations, not a copy of the compilation	A satirical name, with the same pattern as 'Vũ như Cẩn'. Also in bienkhao and vietbao.
AC-071	sinh vì tài	sai vì tình	3	yes	V1@02,V6r@02	no	no		news	thanhnien.vn	https://thanhnien.vn/thieu-vang-la-no-thieu-vo-la-nang-xu-huong-noi-lai-chiem-song-coi-mang-185260407163503862.htm	'Thiếu vàng là nợ - thiếu vợ là nàng'... xu hướng nói lái 'chiếm sóng' cõi mạng	"""người sinh vì tài – người sai vì tình"""	web-search summary (not the page text; diacritics and pairings can drift)		candidate	short folk/literary phrase quoted with citation; facts and short quotations, not a copy of the compilation	The shared 'người' is trimmed. Rhymes swap at positions 1 and 3.
AC-072	vàng là nợ	vợ là nàng	3	yes	V4@02,V5r@02	no	no		news	thanhnien.vn	https://thanhnien.vn/thieu-vang-la-no-thieu-vo-la-nang-xu-huong-noi-lai-chiem-song-coi-mang-185260407163503862.htm	'Thiếu vàng là nợ - thiếu vợ là nàng'... xu hướng nói lái 'chiếm sóng' cõi mạng	"Examples of phrases that read forward and backward with meaning include: ""thiếu vàng là nợ – thiếu vợ là nàng"", ""đàn dễ tấu nhưng đâu dễ tán"", ""người ồn bất tỉnh – người tình bất ổn"",""chờ em ra mở cổng – chồng em ra mở cửa"", ""cười là phải thế – thề là phải cưới"", ""người sinh vì tài – người sai vì tình""."	web-search summary (not the page text; diacritics and pairings can drift)		candidate	short folk/literary phrase quoted with citation; facts and short quotations, not a copy of the compilation	A 2026 social-media trend, contemporary rather than literary. I trimmed the shared 'thiếu' to keep it to 3 syllables. Whole syllables swap at positions 1 and 3 while the tones stay fixed.
AC-073	ồn bất tỉnh	tình bất ổn	3	yes	V2@02,V3r@02	no	no		news	thanhnien.vn	https://thanhnien.vn/thieu-vang-la-no-thieu-vo-la-nang-xu-huong-noi-lai-chiem-song-coi-mang-185260407163503862.htm	'Thiếu vàng là nợ - thiếu vợ là nàng'... xu hướng nói lái 'chiếm sóng' cõi mạng	"""người ồn bất tỉnh – người tình bất ổn"""	web-search summary (not the page text; diacritics and pairings can drift)		candidate	short folk/literary phrase quoted with citation; facts and short quotations, not a copy of the compilation	The shared 'người' is trimmed. Whole syllables swap while the tones stay fixed (huyền...hỏi).
AC-074	sương không đấm	đâm không sướng	3	yes	V2@02,V3r@02	no	yes		literature	thelittlewhiteattic.blogspot.com	https://thelittlewhiteattic.blogspot.com/2014/08/tho-tuc-ho-xuan-huong.html	The little white attic: Thơ (tục) Hồ Xuân Hương	"The phrase ""đáo nơi neo"" is a reversal, where the actual meaning refers to the monk's behavior, ""chày kình"" (referring to male anatomy), and ""sương không đấm"" becomes ""đâm không sướng"" (a sexual reference indicating lack of pleasure)."	web-search summary (not the page text; diacritics and pairings can drift)		candidate	short folk/literary phrase quoted with citation; facts and short quotations, not a copy of the compilation	From Hồ Xuân Hương's 'Chùa Quán Sứ' ('Chày kình tiểu để ... không đấm'). The page attribution is uncertain: the same query also returned jennydando.blogspot and nomfoundation. The source spells it 'sương'; standard editions may read 'suông', so check the spelling against a canonical text. Sexual meaning. The output for 'đáo nơi neo' was not given, so I dropped it.
AC-075	bèo không có	cò không béo	3	yes	V2@02,V3r@02	no	no		news	thethaovanhoa.vn	https://thethaovanhoa.vn/chu-va-nghia-do-meo-noi-lai-20250709061212826.htm	Chữ và nghĩa: Đố mẹo… nói lái	"""Cò ốm là cò không béo, nói lái là bèo không có"""	web-search summary (not the page text; diacritics and pairings can drift)		candidate	short folk/literary phrase quoted with citation; facts and short quotations, not a copy of the compilation	Riddle; same 3-syllable pattern as 'cò không thấy'. Answer goes in input.
AC-076	thầy không có	cò không thấy	3	yes	V2@02,V3r@02	no	no		news	thethaovanhoa.vn	https://thethaovanhoa.vn/chu-va-nghia-do-meo-noi-lai-20250709061212826.htm	Chữ và nghĩa: Đố mẹo… nói lái	"""Con cò đui là cò không thấy, nói lái là thầy không có"" (A tailless stork means an invisible stork; reversed it means a teacher who doesn't exist)."	web-search summary (not the page text; diacritics and pairings can drift)		candidate	short folk/literary phrase quoted with citation; facts and short quotations, not a copy of the compilation	Riddle (đố mẹo). A 3-syllable lái that swaps syllables 1 and 3; the middle syllable and the tone positions stay fixed. The surface 'cò không thấy' is itself a synonym-paraphrase of 'cò đui'. Answer goes in input.
AC-077	hương bên đèo	heo bên đường	3	yes	V1@02,V6r@02	no	no		compilation_blog	thinhdailoc.blogspot.com	https://thinhdailoc.blogspot.com/2013/09/395-noi-lai.html	Mộc Nhân Lê Đức Thịnh: 395. NÓI LÁI	"For three-word phrases, only the first and last words are swapped while the middle word stays in place - examples include ""âu cái đằng"" becoming ""ăn cái đầu"" and ""hương bên đèo"" becoming ""heo bên đường""."	web-search summary (not the page text; diacritics and pairings can drift)		candidate	short folk/literary phrase quoted with citation; facts and short quotations, not a copy of the compilation	A clean 3-syllable lái (syllables 1 and 3). It also appears in the PLO kỳ cuối article results. A related form 'Hương qua đèo → heo qua đường' appears on fireant.vn.
AC-078	rối em nhờ	nhớ em rồi	3	yes	V2@02,V3r@02	no	no		compilation_blog	voh.com.vn	https://voh.com.vn/song-dep/nhung-cau-noi-lai-495792.html	Những câu nói lái thả thính, câu nói ngược hài hước, bá đạo	Một số ví dụ phổ biến: - Ôi tiêu rồi - tôi yêu rồi - Rối em nhờ - nhớ em rồi - Khoái ăn sang – Sáng ăn khoai	web-search summary (not the page text; diacritics and pairings can drift)		candidate	short folk/literary phrase quoted with citation; facts and short quotations, not a copy of the compilation	Whole syllables swap at positions 1 and 3 while the tones stay fixed. The attribution caveat is the same as for 'ôi tiêu rồi'.
AC-079	ôi tiêu rồi	tôi yêu rồi	3	yes	V1r@01,V4r@01,V5@01,V6@01	no	no		compilation_blog	voh.com.vn	https://voh.com.vn/song-dep/nhung-cau-noi-lai-495792.html	Những câu nói lái thả thính, câu nói ngược hài hước, bá đạo	Một số ví dụ phổ biến: - Ôi tiêu rồi - tôi yêu rồi - Rối em nhờ - nhớ em rồi - Khoái ăn sang – Sáng ăn khoai	web-search summary (not the page text; diacritics and pairings can drift)		candidate	short folk/literary phrase quoted with citation; facts and short quotations, not a copy of the compilation	Initial swap between syllables 1 and 2 (ôi/tiêu becomes tôi/yêu). The page attribution is uncertain: the query also returned fado.vn 'Những câu nói lái thả thính' and thanhnien. Flirting-meme genre.
AC-080	trà tận trưa	trừa tận tra	3	yes	V1@02,V2@02,V3r@02,V6r@02	no	no	C	news	vusta.vn	https://vusta.vn/vung-que-sanh-nghe-noi-lai-p74454.html	Vùng quê sành nghề nói lái	"When he said ""trà tận trưa"" (tea until noon), people from other regions would think he meant he'd drink tea until noon, but people from Nghệ Tĩnh understood he was using word-reversing to mean ""trừa tận tra"" (never attending such a wedding again)."	web-search summary (not the page text; diacritics and pairings can drift)		candidate	short folk/literary phrase quoted with citation; facts and short quotations, not a copy of the compilation	Nghệ Tĩnh dialect: trừa = chừa, tra = già. DISCREPANCY: the cand.com.vn summary of the same article rendered the decoding in standard Vietnamese as 'chừa đến tận già'. Swap between syllables 1 and 3.
AC-081	hộp nữ trang	hang nữ trộp	3	yes	V4@02,V5r@02	no	yes	S	news	znews.vn	https://znews.vn/cach-noi-lai-thu-vi-cua-nguoi-nam-bo-post1606871.html	Cách nói lái thú vị của người Nam bộ	"Ví dụ, ""hộp nữ trang"" có thể nói lái thành ""hang nữ trộp"", ""lì một lam"" là kết quả nói lái của cụm ""làm một ly""."	web-search summary (not the page text; diacritics and pairings can drift)		candidate	short folk/literary phrase quoted with citation; facts and short quotations, not a copy of the compilation	Swap between syllables 1 and 3; the middle syllable is unchanged. The output may carry sexual innuendo, so it is flagged for screening. The article (TS. Huỳnh Công Tín) is about Southern nói lái.
AC-082	làm một ly	lì một lam	3	yes	V1@02,V2@02,V3r@02,V6r@02	no	no	S	news	znews.vn	https://znews.vn/cach-noi-lai-thu-vi-cua-nguoi-nam-bo-post1606871.html	Cách nói lái thú vị của người Nam bộ	"Ví dụ, ""hộp nữ trang"" có thể nói lái thành ""hang nữ trộp"", ""lì một lam"" là kết quả nói lái của cụm ""làm một ly""."	web-search summary (not the page text; diacritics and pairings can drift)		candidate	short folk/literary phrase quoted with citation; facts and short quotations, not a copy of the compilation	Swap between syllables 1 and 3. The article is about Southern (Nam bộ) nói lái.
AC-083	đàn dễ tấu	đâu dễ tán	3	no		no	no		news	thanhnien.vn	https://thanhnien.vn/thieu-vang-la-no-thieu-vo-la-nang-xu-huong-noi-lai-chiem-song-coi-mang-185260407163503862.htm	'Thiếu vàng là nợ - thiếu vợ là nàng'... xu hướng nói lái 'chiếm sóng' cõi mạng	"""đàn dễ tấu nhưng đâu dễ tán"""	web-search summary (not the page text; diacritics and pairings can drift)		candidate	short folk/literary phrase quoted with citation; facts and short quotations, not a copy of the compilation	Imperfect: a strict lái gives 'đầu dễ tán', but the source has 'đâu' (ngang). A borderline item for the validators.
AC-084	âu cái đằng	ăn cái đầu	3	no		no	no		compilation_blog	thinhdailoc.blogspot.com	https://thinhdailoc.blogspot.com/2013/09/395-noi-lai.html	Mộc Nhân Lê Đức Thịnh: 395. NÓI LÁI	"For three-word phrases, only the first and last words are swapped while the middle word stays in place - examples include ""âu cái đằng"" becoming ""ăn cái đầu"" and ""hương bên đèo"" becoming ""heo bên đường""."	web-search summary (not the page text; diacritics and pairings can drift)		candidate	short folk/literary phrase quoted with citation; facts and short quotations, not a copy of the compilation	Imperfect: strict lái would give 'đằn', not 'đằng'. The source itself says lái 'can only be felt but not formalized'. A borderline item.
AC-085	mèo đuôi cụt	mút đuôi kèo	3	no		no	no		news	vov2.vov.vn	https://vov2.vov.vn/giao-duc-dao-tao/noi-lai-mot-loai-hinh-ngon-ngu-dac-sac-cua-nguoi-viet-36855.vov2	Nói lái	"Các ví dụ khác trong ca dao bao gồm: ""Con cá đối nằm trên cối đá"" và ""Mèo đuôi cụt nằm mút đuôi kèo"", đây là những câu nói lái có ý nghĩa và thanh nhã."	web-search summary (not the page text; diacritics and pairings can drift)		candidate	short folk/literary phrase quoted with citation; facts and short quotations, not a copy of the compilation	Ca dao. Pairing inferred: both phrases appear in the line and the source calls it a nói lái line. The tone is approximate because 'cụt' (nặng) becomes 'mút' (sắc); a stop-final syllable cannot take huyền.
AC-086	cá đối	cối đá	2	yes	V1@01,V4@01,V5r@01,V6r@01	yes	no		compilation_blog	doctailieu.com	https://doctailieu.com/trac-nghiem/loi-choi-chu-nao-duoc-su-dung-trong-hai-cau-saucon-ca-doi-bo-trong-coi-dacon-62773	Lối chơi chữ nào được sử dụng trong hai câu sau:.Con cá đối bỏ trong cối đá.Con	"The phrases ""mèo cái"" (female cat) and ""mái kèo"" (roof beam) demonstrate the ""nói lái"" (reversal/inversion) wordplay technique, where ""cá đối"" becomes ""cối đá"" and ""mèo cái"" becomes ""mái kèo"" to express the contradictory and sorrowful nature of fate."	web-search summary (not the page text; diacritics and pairings can drift)		duplicate_of_seed	short folk/literary phrase quoted with citation; facts and short quotations, not a copy of the compilation	Ca dao 'Con cá đối bỏ/nằm trong cối đá'. Several education Q&A pages (loigiaihay, vietjack, hoc24) carry the same exercise. It is also listed in the vanhoanghean 'Lối nói lái trong văn chương' summary.
AC-087	hiện đại	hại điện	2	yes	V1@01,V4@01,V5r@01,V6r@01	yes	no		compilation_blog	nhomcho.com	https://www.nhomcho.com/t47568-hien-%C4%91ai-la-hai-%C4%91ien	Hiện đại là hại điện	"The phrase ""hiện đại – hại điện"" is listed as an example of this type of wordplay, where elements of two syllables are rearranged through hoán vị vần (vowel transposition)."	web-search summary (not the page text; diacritics and pairings can drift)		duplicate_of_seed	short folk/literary phrase quoted with citation; facts and short quotations, not a copy of the compilation	The forum page title shows both forms. The 'hoán vị vần' framing may come from plo.vn kỳ 2, which was in the same result list. Also listed in the vanhoanghean summary.
AC-088	bí mật	bật mí	2	yes	V4@01,V5r@01	yes	no		news	plo.vn	https://plo.vn/nguoi-viet-noi-lai-ky-2-nhung-nguyen-tac-noi-lai-post341829.html	Người Việt nói lái (kỳ 2): Những nguyên tắc nói lái	"Examples include: ""mèo cái→mài kéo,"" ""bí mật→bật mí,"" ""một cái→mái cột,"" and ""mắc cười→mười cắc."""	web-search summary (not the page text; diacritics and pairings can drift)		duplicate_of_seed	short folk/literary phrase quoted with citation; facts and short quotations, not a copy of the compilation	From a search restricted to tuoitre.vn, plo.vn and thanhnien.vn. The znews Nam bộ article also lists 'bí mật - bật mí'.
AC-089	mèo cái	mài kéo	2	yes	V1@01,V6r@01	yes	no		news	plo.vn	https://plo.vn/nguoi-viet-noi-lai-ky-2-nhung-nguyen-tac-noi-lai-post341829.html	Người Việt nói lái (kỳ 2): Những nguyên tắc nói lái	"Examples include: ""mèo cái→mài kéo,"" ""bí mật→bật mí,"" ""một cái→mái cột,"" and ""mắc cười→mười cắc."""	web-search summary (not the page text; diacritics and pairings can drift)		duplicate_of_seed	short folk/literary phrase quoted with citation; facts and short quotations, not a copy of the compilation	"From a search restricted to tuoitre.vn, plo.vn and thanhnien.vn. Attributed to plo kỳ 2, the series installment on principles. Verify. This is a different lái type from mái kèo: rhymes swap while tones stay in place. An earlier tuoitre-related summary also gives '""mèo cái"" → ""mài kéo""'."
AC-090	thay đổi	thổi đay	2	yes	V4@01,V5r@01	yes	no		news	plo.vn	https://plo.vn/nguoi-viet-noi-lai-ky-2-nhung-nguyen-tac-noi-lai-post341829.html	Người Việt nói lái (kỳ 2): Những nguyên tắc nói lái	"Using the word ""thay đổi"" (change) as an example, the 6 word-play variations include: exchanging initial consonants (""đay thổi""), exchanging vowels (""thôi đảy""), exchanging tones (""thảy đôi""), and exchanging vowels and tones (""thổi đay"")."	web-search summary (not the page text; diacritics and pairings can drift)		duplicate_of_seed	short folk/literary phrase quoted with citation; facts and short quotations, not a copy of the compilation	The other forms (đay thổi, thôi đảy, thảy đôi) only illustrate the taxonomy and are mostly meaningless, so they are not separate rows.
AC-091	tượng lo	lọ tương	2	yes	V2@01,V3r@01	yes	no		news	plo.vn	https://m.plo.vn/van-hoa/nguoi-viet-noi-lai-ky-1-trang-quynh-ho-xuan-huong-doi-lai-559870.html	Người Việt nói lái (kỳ 1): Trạng Quỳnh, Hồ Xuân Hương đối lái	"Quỳnh trả lời: ""Bẩm 'đại phong' là gió to, gió to thì đổ chùa, đổ chùa thì tượng lo, tượng lo là lọ tương đấy ạ."""	web-search summary (not the page text; diacritics and pairings can drift)		duplicate_of_seed	short folk/literary phrase quoted with citation; facts and short quotations, not a copy of the compilation	"The same summary also says: 'Nói lái theo cách đổi chỗ cho hai chữ, đồng thời đổi luôn hai dấu ... ví dụ: ""tượng lo"" thành ""lọ tương"".' Also in tuoitre 'Trạng Quỳnh: Món Đại phong dâng Chúa'."
AC-092	lộng kiếng	liệng cống	2	yes	V1@01,V6r@01	yes	no	S	news	thanhnien.vn	https://thanhnien.vn/long-kieng-185104581.htm	Lộng kiếng...	"""Lộng kiếng - liệng cống"" is an example of Vietnamese wordplay that creates opposite meanings, where ""lộng kiếng"" means to preserve something as precious, while ""liệng cống"" means to discard it disdainfully."	web-search summary (not the page text; diacritics and pairings can drift)		duplicate_of_seed	short folk/literary phrase quoted with citation; facts and short quotations, not a copy of the compilation	The source says 'lộng' is local dialect for 'lồng'. Another summary places it under 'the Southern Vietnamese style of nói lái'. The pair is also in znews and languagehat (Saigon usage after 1975).
AC-093	đấu tranh	tránh đâu	2	yes	V2@01,V3r@01	yes	no		news	thanhnien.vn	https://thanhnien.vn/tim-va-bao-ve-nhung-tieng-noi-thang-dau-tranh-tranh-dau-1851511638.htm	Tìm và bảo vệ những tiếng nói thẳng: Đấu tranh, tránh đâu?	"""Đấu tranh – tránh đâu"" is listed as an example of Vietnamese wordplay (nói lái), where the syllables are reversed to create humorous or critical statements."	web-search summary (not the page text; diacritics and pairings can drift)		duplicate_of_seed	short folk/literary phrase quoted with citation; facts and short quotations, not a copy of the compilation	Both forms appear in the article title. Also in vi.wiktionary ('đấu tranh tránh đâu').
AC-094	đầu tiên	tiền đâu	2	yes	V2@01,V3r@01	yes	no		news	thethaovanhoa.vn	https://thethaovanhoa.vn/chu-va-nghia-do-meo-noi-lai-20250709061212826.htm	Chữ và nghĩa: Đố mẹo… nói lái	"For example, saying ""đầu tiên"" (first) as ""tiền đâu"" (where's the money) is an example of nói lái in Vietnamese."	web-search summary (not the page text; diacritics and pairings can drift)		duplicate_of_seed	short folk/literary phrase quoted with citation; facts and short quotations, not a copy of the compilation	GENERAL NOTE FOR ALL ROWS: every quote comes from the WebSearch summary layer, not raw page text. That layer drifts on diacritics (see kiển tố / kiến tố) and can merge nearby examples (see mái cột), so spot-check each row on the live page before it enters the frozen set. This quote comes from a search restricted to laodong/sggp/baomoi/thethaovanhoa. The Đại từ điển tiếng Việt 1999 definition it ci
AC-095	trời cho	trò chơi	2	yes	V1@01,V6r@01	yes	no		news	tuoitre.vn	https://tuoitre.vn/plo/nguoi-viet-noi-lai-ky-2-nhung-nguyen-tac-noi-lai-109341829.htm	Người Việt nói lái (kỳ 2): Những nguyên tắc nói lái	"""Nói lái"" is a Vietnamese wordplay technique where you can change the final sound while keeping the first character and tone, with examples including ""trời cho → trò chơi""."	web-search summary (not the page text; diacritics and pairings can drift)		duplicate_of_seed	short folk/literary phrase quoted with citation; facts and short quotations, not a copy of the compilation	From a search restricted to tuoitre.vn and vanhoanghean. The URL is inferred: tuoitre 'Đơn giản như... đang giỡn!' (a game-show anecdote) and 'Trúng số trò chơi Trời cho' were in the same result list. Verify.
AC-096	cờ Tây	cầy tơ	2	yes	V1@01,V6r@01	yes	no		news	vanhoanghean.com.vn	http://vanhoanghean.com.vn/chi-tiet-tin-tuc/11185-loi-noi-lai-trong-van-chuong	Lối nói lái trong văn chương	"The words ""cá đối"" become ""cối đá"" (stone mortar), and similarly ""cờ Tây"" becomes ""cầy tơ,"" ""thầy tu"" becomes ""thù Tây,"" ""hiện đại"" becomes ""hại điện,"" and ""trò chơi"" becomes ""trời cho"""	web-search summary (not the page text; diacritics and pairings can drift)		duplicate_of_seed	short folk/literary phrase quoted with citation; facts and short quotations, not a copy of the compilation	The URL is inferred: vanhoanghean (Văn hóa Nghệ An magazine) was the first result, but the summary may mix sources, and a targeted follow-up did not re-find the pair at this URL. The quote is verbatim. Verify at the URL before use.
AC-097	bí mật	bị mất	2	yes	V2r@01,V3@01	yes	no	N	english_or_academic	vlstudies.wordpress.com	https://vlstudies.wordpress.com/2016/12/08/noi-lai-vietnamese-spoonerism/	Nói lái	"3. **Swapping only the tone (Northern style):** Example: ""bí mật"" becomes ""bị mất"" (secret → lost)."	web-search summary (not the page text; diacritics and pairings can drift)		duplicate_of_seed	short folk/literary phrase quoted with citation; facts and short quotations, not a copy of the compilation	"Tone-only swap, which the source labels Northern style. The URL is inferred: it could be vlstudies.wordpress.com or info.svff.online ('Exploring ""Nói Lái"": The Intricacies of Vietnamese Spoonerism'). Verify."
AC-098	thầy giáo	tháo giày	2	no		yes	no		news	giaoduc.net.vn	https://giaoduc.net.vn/thay-giao-thao-giay-thao-ca-ung-thung-ca-ao-thao-giao-an-dan-ao-post185580.gd	“Thầy giáo tháo giày, tháo cả ủng thủng cả áo, tháo giáo án dán áo”	"The phrase ""Thầy giáo tháo giày, tháo cả ủng thủng cả áo, tháo giáo án dán áo"" is a couplet using reversed word pairs that teachers in the 1980s remembered."	web-search summary (not the page text; diacritics and pairings can drift)		duplicate_of_seed	short folk/literary phrase quoted with citation; facts and short quotations, not a copy of the compilation	The couplet is attributed to Nguyễn Tài Đại of the Nghệ An Education Department. Spelling is 'giày' here; vov2 and hoc24 print 'giầy' (separate row).
AC-099	đơn giản	đang giỡn	2	no		yes	no	S	news	tuoitre.vn	https://tuoitre.vn/don-gian-nhu-dang-gion-756909.htm	Đơn giản như... đang giỡn!	"The primary result is an article titled ""Đơn giản như... đang giỡn!"" by Duyên Trường published on Tuổi Trẻ (tuoitre.vn)."	web-search summary (not the page text; diacritics and pairings can drift)		duplicate_of_seed	short folk/literary phrase quoted with citation; facts and short quotations, not a copy of the compilation	"Region comes from a search restricted to tuoitre/plo/thethaovanhoa/baomoi/sggp/cand: '""đơn giản"" becomes ""đang giỡn"" (in southern dialect)'. Another summary notes the spelling shift (added g; hỏi → ngã)."
AC-100	chà đồ nhôm	chôm đồ nhà	3	yes	V4@02,V5r@02	yes	no		news	thitruong.nld.com.vn	https://thitruong.nld.com.vn/chuyen-lam-an/cha-do-nhom-tren-phay-20160416154420632.htm	'Chà đồ nhôm' trên 'phây' - thitruong.nld.com.vn	"""Chà đồ nhôm"" is a reversed phrase (nói lái) from ""chôm đồ nhà""."	web-search summary (not the page text; diacritics and pairings can drift)		duplicate_of_seed	short folk/literary phrase quoted with citation; facts and short quotations, not a copy of the compilation	Direction follows the task's worked example. The source treats 'chôm đồ nhà' as the meaning hidden in 'chà đồ nhôm'. The URL is inferred: the summary's Facebook-selling context matches the nld title, but sangtao.org 'Chà đồ nhôm' ranked first. Verify.
AC-101	khoái ăn sang	sáng ăn khoai	3	yes	V2@02,V3r@02	yes	no		compilation_blog	voh.com.vn	https://voh.com.vn/song-dep/nhung-cau-noi-lai-495792.html	Những câu nói lái thả thính, câu nói ngược hài hước, bá đạo	Một số ví dụ phổ biến: - Ôi tiêu rồi - tôi yêu rồi - Rối em nhờ - nhớ em rồi - Khoái ăn sang – Sáng ăn khoai	web-search summary (not the page text; diacritics and pairings can drift)		duplicate_of_seed	short folk/literary phrase quoted with citation; facts and short quotations, not a copy of the compilation	Whole syllables swap at positions 1 and 3 while the tones stay fixed. The attribution caveat is the same as for 'ôi tiêu rồi'.
AC-102	Vũ Như Cẩn	vẫn như cũ	3	no		yes	no		news	baotiengdan.com	https://baotiengdan.com/2018/04/18/vu-nhu-can-nguyen-y-van/	Vũ Như Cẫn, Nguyễn Y Vân	"""Vũ như Cẩn"" is an example of ""nói lái"" (word play) that transforms to ""vẫn như cũ"" (still the same as before)."	web-search summary (not the page text; diacritics and pairings can drift)		duplicate_of_seed	short folk/literary phrase quoted with citation; facts and short quotations, not a copy of the compilation	The URL attribution is uncertain: vnexpress 'Cuộc đàm thoại bá đạo' was also in the results, and a vnexpress follow-up did not confirm. SPELLING CONFLICT: the result title prints 'Cẫn' while the summary text prints 'Cẩn'. baotiengdan is an independent online outlet. This is a satirical name pair.
