entry	kind	severity	reading	source	verified_by
đéo	syllable	high	taboo intensifier / sexual	author seed (design 11.5); NV
đụ	syllable	high	sexual	author seed; NV
đù	syllable	medium	euphemistic respelling of đụ	author seed; NV
địt	syllable	high	sexual (N.) / flatulence (S.)	author seed; NV
lồn	syllable	high	sexual anatomy	author seed; NV
cặc	syllable	high	sexual anatomy	author seed; NV
dái	syllable	high	sexual anatomy	author seed; NV
buồi	syllable	high	sexual anatomy	author seed; NV
cu	syllable	medium	sexual anatomy (also innocent: chim cu, cu li)	author seed; NV
chịch	syllable	high	sexual slang	author seed; NV
đít	syllable	medium	buttocks	author seed; NV
mông	syllable	low	buttocks (common word; low severity, pair-screen only)	author seed; NV
ỉa	syllable	medium	scatological	author seed; NV
cứt	syllable	medium	scatological	author seed; NV
phò	syllable	medium	prostitute (slang)	author seed; NV
đĩ	syllable	high	prostitute (slur)	author seed; NV
bú	syllable	low	suck (innocent in bú sữa; sexual in slang)	author seed; NV
liếm	syllable	low	lick (sexual in slang)	author seed; NV
hiếp	syllable	high	rape	author seed; NV
dâm	syllable	medium	lewd	author seed; NV
dái chó	pair	high	Hồ Xuân Hương reading of trái gió	design 3.6; NV
